{"cameraMode":{"drawMode":0,"name":"Shaded","section":"Shading Mode"},"sceneLighting":false,"audioPlay":false,"sceneViewState":{"m_AlwaysRefresh":false,"showFog":true,"showSkybox":false,"showFlares":true,"showImageEffects":true,"showParticleSystems":true,"showVisualEffectGraphs":true,"m_FxEnabled":true},"in2DMode":false,"pivot":{"x":-1.081620216369629,"y":110.5999984741211,"z":218.10000610351563},"rotation":{"x":-0.0916825607419014,"y":0.018925782293081285,"z":-0.0018301611999049783,"w":-0.9958314299583435},"size":57.95174789428711,"orthographic":false}